<?xml version="1.0" encoding="UTF-8"?>
<!DOCTYPE configuration>
<configuration>

    <appender name="STDOUT" class="ch.qos.logback.core.ConsoleAppender">
        <!-- encoders are assigned the type
             ch.qos.logback.classic.encoder.PatternLayoutEncoder by default -->
        <encoder>
            <pattern>%d{HH:mm:ss.SSS} [%thread] %-5level %logger - %msg%n</pattern>
        </encoder>
    </appender>

    <logger name="java.util.prefs" level="off" />

    <root level="error">
        <appender-ref ref="STDOUT" />
    </root>
</configuration>
